City_ID,City,Country,Lat,Lng,Max Temp,Humidity,Cloudiness,Wind Speed,Current description
0,Hasaki,JP,35.7333,140.8333,79.2,84,100,7.83,overcast clouds
1,Rikitea,PF,-23.1203,-134.9692,73.49,68,0,8.1,clear sky
2,Qaanaaq,GL,77.484,-69.3632,38.32,98,100,4.81,light rain
3,Pevek,RU,69.7008,170.3133,40.91,88,100,3.4,overcast clouds
4,Hastings,GB,50.8552,0.5729,64.33,80,93,9.73,overcast clouds
5,Golden,US,39.7555,-105.2211,73.38,75,75,3.0,broken clouds
6,Punta Arenas,CL,-53.15,-70.9167,35.71,100,90,3.44,mist
7,Paracatu,BR,-17.2222,-46.8747,63.46,53,0,2.35,clear sky
8,Touros,BR,-5.1989,-35.4608,76.1,84,12,12.12,few clouds
9,Mar Del Plata,AR,-38.0023,-57.5575,51.87,72,100,3.0,overcast clouds
10,Husavik,IS,66.0449,-17.3389,49.96,85,100,4.07,overcast clouds
11,Samarai,PG,-10.6167,150.6667,80.37,87,100,13.62,overcast clouds
12,Fort Myers Beach,US,26.452,-81.9481,79.0,95,75,1.01,broken clouds
13,Busselton,AU,-33.65,115.3333,52.05,64,100,23.15,overcast clouds
14,Aklavik,CA,68.2191,-135.0107,40.48,66,100,19.22,overcast clouds
15,Jamestown,US,42.097,-79.2353,71.37,92,5,4.12,clear sky
16,Carnarvon,AU,-24.8667,113.6333,65.21,57,0,18.57,clear sky
17,Los Llanos De Aridane,ES,28.6585,-17.9182,70.12,82,75,16.11,broken clouds
18,Hermanus,ZA,-34.4187,19.2345,49.89,72,0,8.16,clear sky
19,Tuktoyaktuk,CA,69.4541,-133.0374,38.5,71,100,22.15,overcast clouds
20,Tilichiki,RU,60.4667,166.1,59.05,81,100,4.47,overcast clouds
21,Constitucion,CL,-35.3333,-72.4167,46.9,80,1,6.64,clear sky
22,Hobart,AU,-42.8794,147.3294,52.27,90,75,1.99,light rain
23,Bluff,NZ,-46.6,168.3333,46.8,62,100,8.21,overcast clouds
24,Ruidoso,US,33.3317,-105.673,83.26,32,1,12.66,clear sky
25,Cabo San Lucas,MX,22.8909,-109.9124,92.52,67,11,11.68,few clouds
26,Cockburn Town,TC,21.4612,-71.1419,80.82,75,2,18.12,clear sky
27,Kurilsk,RU,45.2333,147.8833,65.73,79,100,3.83,overcast clouds
28,Albany,US,42.6001,-73.9662,73.33,94,0,3.29,clear sky
29,Butaritari,KI,3.0707,172.7902,83.17,78,22,14.18,moderate rain
30,Castro,BR,-24.7911,-50.0119,55.74,63,95,3.65,overcast clouds
31,Ushuaia,AR,-54.8,-68.3,28.06,93,75,3.44,broken clouds
32,Camacha,PT,33.0833,-16.3333,65.62,77,75,12.66,broken clouds
33,Hithadhoo,MV,-0.6,73.0833,82.02,77,73,9.6,broken clouds
34,Sibu,MY,2.3,111.8167,73.71,94,40,5.75,light rain
35,Mataura,NZ,-46.1927,168.8643,47.48,73,100,1.14,overcast clouds
36,Arraial Do Cabo,BR,-22.9661,-42.0278,71.08,84,6,21.16,clear sky
37,Tuatapere,NZ,-46.1333,167.6833,47.82,73,100,2.77,overcast clouds
38,Saint-Francois,FR,46.4154,3.9054,63.18,93,90,6.91,overcast clouds
39,Kodinar,IN,20.7903,70.7031,81.52,84,100,8.23,overcast clouds
40,Hovd,MN,48.0056,91.6419,69.57,35,0,8.03,clear sky
41,Hilo,US,19.7297,-155.09,84.27,83,7,3.0,clear sky
42,Alice Springs,AU,-23.7,133.8833,71.15,46,40,12.66,scattered clouds
43,Provideniya,RU,64.3833,-173.3,50.11,81,40,20.13,fog
44,Isangel,VU,-19.55,169.2667,74.46,78,90,16.8,overcast clouds
45,Inhambane,MZ,-23.865,35.3833,67.42,68,97,14.74,overcast clouds
46,Porto Novo,BJ,6.4965,2.6036,78.62,83,75,8.55,broken clouds
47,Clyde River,CA,70.4692,-68.5914,44.69,69,27,2.01,scattered clouds
48,Hukuntsi,BW,-24.0,21.75,33.19,30,0,5.61,clear sky
49,Puerto Escondido,MX,15.85,-97.0667,79.63,65,90,0.0,overcast clouds
50,Terrace,CA,54.5163,-128.6035,69.42,49,100,4.12,overcast clouds
51,Huautla,MX,21.0333,-98.2833,72.0,86,87,4.79,overcast clouds
52,Bethel,US,41.3712,-73.414,78.91,85,81,3.53,broken clouds
53,Mahebourg,MU,-20.4081,57.7,66.25,75,5,10.18,clear sky
54,Avarua,CK,-21.2078,-159.775,77.16,79,100,12.15,overcast clouds
55,Cabedelo,BR,-6.9811,-34.8339,74.07,87,4,12.93,clear sky
56,Coronado,US,32.6859,-117.1831,90.95,73,20,6.91,few clouds
57,Bengkulu,ID,-3.8004,102.2655,76.44,71,87,3.94,overcast clouds
58,Kahului,US,20.8947,-156.47,80.69,84,43,14.0,scattered clouds
59,Ponta Do Sol,PT,32.6667,-17.1,70.72,72,1,4.65,clear sky
60,Kavieng,PG,-2.5744,150.7967,85.01,69,97,10.51,light rain
61,Dikson,RU,73.5069,80.5464,35.62,98,100,13.29,light rain
62,Auki,SB,-8.7676,160.7034,85.59,67,49,6.87,scattered clouds
63,Kawalu,ID,-7.3817,108.2082,72.55,87,100,1.3,overcast clouds
64,Chokurdakh,RU,70.6333,147.9167,43.2,83,100,19.08,overcast clouds
65,Mountain Home,US,43.133,-115.6912,95.74,10,0,13.15,clear sky
66,Narsaq,GL,60.9167,-46.05,46.62,82,15,2.13,few clouds
67,Suluq,LY,31.6682,20.2521,78.15,66,1,11.88,clear sky
68,Upernavik,GL,72.7868,-56.1549,39.79,97,100,19.28,light rain
69,Alta Floresta,BR,-9.8756,-56.0861,71.13,36,8,3.87,clear sky
70,Tevaitoa,PF,-16.7833,-151.5,80.13,71,14,19.66,few clouds
71,Hambantota,LK,6.1241,81.1185,77.34,100,20,2.3,few clouds
72,Camabatela,AO,-8.1881,15.375,56.57,73,48,2.06,scattered clouds
73,Kungurtug,RU,50.5994,97.5228,67.62,50,86,1.28,overcast clouds
74,Alofi,NU,-19.0595,-169.9187,82.29,78,75,6.91,broken clouds
75,Vysokogornyy,RU,50.1167,139.15,69.8,97,100,2.13,overcast clouds
76,Shelburne,CA,44.0787,-80.2041,73.27,89,6,5.95,clear sky
77,Cherskiy,RU,68.75,161.3,68.38,44,10,11.95,clear sky
78,New Norfolk,AU,-42.7826,147.0587,51.93,91,100,2.95,light rain
79,Ipixuna,BR,-1.7625,-48.8043,76.95,78,92,3.6,overcast clouds
80,Atambua,ID,-9.1061,124.8925,80.65,51,71,3.83,broken clouds
81,Nikolskoye,RU,59.7035,30.7861,69.69,90,96,0.27,overcast clouds
82,Airai,TL,-8.9266,125.4092,69.03,52,100,4.05,overcast clouds
83,Puerto Ayora,EC,-0.7393,-90.3518,71.55,88,48,4.0,scattered clouds
84,Nouadhibou,MR,20.931,-17.0347,67.39,89,1,18.39,clear sky
85,Georgetown,MY,5.4112,100.3354,81.9,83,20,1.14,few clouds
86,Lasa,IT,46.6166,10.7002,54.34,90,100,3.06,overcast clouds
87,Vaini,TO,-21.2,-175.2,71.76,94,90,10.36,shower rain
88,Longyearbyen,SJ,78.2186,15.6401,42.64,81,75,4.61,broken clouds
89,Sao Joao Da Barra,BR,-21.6403,-41.0511,71.73,90,13,14.81,few clouds
90,Bang Saphan,TH,11.2126,99.5117,78.19,86,100,2.46,moderate rain
91,Atuona,PF,-9.8,-139.0333,78.22,69,1,24.27,clear sky
92,Kamina,CD,-8.7386,24.9906,59.49,40,10,3.15,clear sky
93,Ahuimanu,US,21.4447,-157.8378,87.51,63,40,11.5,scattered clouds
94,Muros,ES,42.7762,-9.0603,64.09,74,82,13.87,broken clouds
95,Omsukchan,RU,62.5333,155.8,67.17,50,100,11.95,overcast clouds
96,Buchanan,LR,5.8808,-10.0467,75.58,81,100,7.83,overcast clouds
97,Kapaa,US,22.0752,-159.319,84.18,80,25,1.99,light rain
98,Klaksvik,FO,62.2266,-6.589,52.72,84,31,27.38,scattered clouds
99,Faanui,PF,-16.4833,-151.75,79.93,73,7,19.39,clear sky
100,Ribeira Grande,PT,38.5167,-28.7,70.54,81,87,10.04,overcast clouds
101,Dauriya,RU,49.9333,116.8667,71.37,71,12,12.37,few clouds
102,Hamilton,US,39.1834,-84.5333,80.44,76,23,3.15,few clouds
103,Tiksi,RU,71.6872,128.8694,42.84,67,95,19.1,overcast clouds
104,El Playon,CO,7.4713,-73.2031,77.27,92,98,6.64,light rain
105,Massa Marittima,IT,43.049,10.8928,66.96,85,21,3.67,few clouds
106,La Colmena,PY,-25.8833,-56.8167,72.01,46,100,5.26,overcast clouds
107,Lebu,CL,-37.6167,-73.65,48.88,78,68,2.04,broken clouds
108,Siverskiy,RU,59.3544,30.0783,68.88,92,52,1.72,broken clouds
109,Jacmel,HT,18.2342,-72.5347,75.04,83,98,2.71,overcast clouds
110,Cidreira,BR,-30.1811,-50.2056,61.23,84,100,6.89,moderate rain
111,Fortuna,US,40.5982,-124.1573,83.19,89,90,1.99,overcast clouds
112,Sitka,US,57.0531,-135.33,55.29,76,75,3.44,light rain
113,Cape Town,ZA,-33.9258,18.4232,50.11,80,0,8.05,clear sky
114,Imbituba,BR,-28.24,-48.6703,68.83,80,100,1.99,heavy intensity rain
115,Souillac,MU,-20.5167,57.5167,66.36,79,0,8.7,clear sky
116,Cabra,ES,37.4725,-4.4421,73.65,57,41,4.65,scattered clouds
117,Aswan,EG,24.0934,32.907,86.2,22,100,8.43,overcast clouds
118,Gazojak,TM,41.1875,61.4036,71.65,26,88,8.59,overcast clouds
119,Leningradskiy,RU,69.3833,178.4167,44.67,88,100,7.05,overcast clouds
120,Port Alfred,ZA,-33.5906,26.891,53.1,38,56,8.05,broken clouds
121,Yantikovo,RU,55.8216,47.9104,68.72,69,89,1.3,overcast clouds
122,Tabou,CI,4.423,-7.3528,75.97,75,100,4.56,overcast clouds
123,Thompson,CA,55.7435,-97.8558,81.64,27,53,1.72,broken clouds
124,Rio Gallegos,AR,-51.6226,-69.2181,33.85,93,0,11.5,clear sky
125,Abha,SA,18.2164,42.5053,67.33,61,93,5.93,overcast clouds
126,Dwarka,IN,22.2394,68.9678,82.96,83,100,5.17,overcast clouds
127,Ha Giang,VN,22.8333,104.9833,80.53,94,100,2.53,overcast clouds
128,Kalianget,ID,-7.05,113.9333,80.37,66,97,6.17,overcast clouds
129,Xining,CN,36.6167,101.7667,64.58,61,41,1.5,scattered clouds
130,Kosovska Mitrovica,XK,42.8833,20.8667,71.22,48,0,0.89,clear sky
131,Sabang,ID,5.8933,95.3214,81.73,74,100,18.99,overcast clouds
132,Itarema,BR,-2.9248,-39.9167,79.72,78,44,15.03,scattered clouds
133,Caravelas,BR,-17.7125,-39.2481,70.43,90,0,4.32,clear sky
134,Sioux Lookout,CA,50.1001,-91.917,69.01,45,100,3.11,overcast clouds
135,Torbay,CA,47.6666,-52.7314,62.89,83,3,15.97,clear sky
136,Lompoc,US,34.6391,-120.4579,78.94,75,8,7.0,clear sky
137,Victoria,HK,22.2855,114.1577,90.97,81,20,1.01,few clouds
138,San Vicente,AR,-26.6167,-54.1333,67.95,51,69,5.88,broken clouds
139,Oktyabrskiy,RU,54.4815,53.471,54.86,69,39,0.81,scattered clouds
140,Kupang,ID,-10.1667,123.5833,81.18,65,20,10.36,few clouds
141,Waddan,LY,29.1614,16.139,80.4,34,0,7.0,clear sky
142,Houma,US,29.5958,-90.7195,82.4,80,1,4.61,clear sky
143,Merauke,ID,-8.4667,140.3333,82.76,78,65,12.1,broken clouds
144,Lapeer,US,43.0514,-83.3188,80.28,78,1,3.44,clear sky
145,Ostrovnoy,RU,68.0531,39.5131,50.09,98,100,13.44,overcast clouds
146,Vila,PT,42.0304,-8.1588,52.74,83,99,5.97,overcast clouds
147,Tadpatri,IN,14.9167,78.0167,74.62,88,100,17.52,overcast clouds
148,Vao,NC,-22.6667,167.4833,69.75,61,98,15.95,overcast clouds
149,Saint-Junien,FR,45.8833,0.9,60.51,100,100,2.64,overcast clouds
150,Atasu,KZ,48.6814,71.6433,50.85,77,5,6.69,clear sky
151,Katsuura,JP,35.1333,140.3,80.71,76,100,5.12,overcast clouds
152,Guisa,CU,20.255,-76.5386,79.11,91,3,4.29,clear sky
153,Puerto Narino,CO,-3.7703,-70.3831,76.95,97,14,0.94,few clouds
154,Honningsvag,NO,70.9821,25.9704,49.41,85,0,7.92,clear sky
155,Morwell,AU,-38.2333,146.4,58.41,84,7,4.88,clear sky
156,Zaltan,LY,32.947,11.8665,75.9,73,0,9.57,clear sky
157,Yellowknife,CA,62.456,-114.3525,76.32,53,100,5.39,overcast clouds
158,Kaitangata,NZ,-46.2817,169.8464,48.92,58,100,3.31,overcast clouds
159,Dunedin,NZ,-45.8742,170.5036,48.79,61,100,8.01,overcast clouds
160,Vuktyl,RU,63.8567,57.3094,56.79,51,100,4.83,overcast clouds
161,Khatanga,RU,71.9667,102.5,46.58,74,100,17.94,overcast clouds
162,Yar-Sale,RU,66.8333,70.8333,51.12,57,0,5.84,clear sky
163,Zonguldak,TR,41.25,31.8333,61.52,94,0,3.15,clear sky
164,Rivne,UA,50.6231,26.2274,70.84,79,3,5.95,clear sky
165,Otane,NZ,-39.8833,176.6333,61.02,49,0,7.99,clear sky
166,Qeshm,IR,26.9581,56.2719,88.61,81,100,14.99,overcast clouds
167,Rochegda,RU,62.8,43.25,61.83,72,43,3.24,scattered clouds
168,Amazar,RU,53.858,120.875,65.03,86,93,5.37,overcast clouds
169,Bambous Virieux,MU,-20.3428,57.7575,66.22,75,8,10.2,clear sky
170,Altay,CN,47.8667,88.1167,70.16,41,43,1.99,scattered clouds
171,Norman Wells,CA,65.282,-126.8329,46.83,91,100,12.35,light rain
172,San Cristobal,VE,7.7669,-72.225,75.38,94,100,2.46,overcast clouds
173,Haines Junction,CA,60.7522,-137.5108,49.24,86,100,2.1,overcast clouds
174,Tromso,NO,69.6496,18.957,54.25,82,0,3.44,clear sky
175,Sotnikovskoye,RU,45.0039,43.7772,69.58,40,0,2.44,clear sky
176,Tondano,ID,1.3038,124.9112,77.09,70,39,3.2,light rain
177,Paamiut,GL,61.994,-49.6678,41.36,98,51,5.1,broken clouds
178,Agirish,RU,61.9247,63.0231,49.44,60,6,3.11,clear sky
179,Suntar,RU,62.1444,117.6319,68.23,58,100,11.01,overcast clouds
180,Taganak,PH,6.0833,118.3,79.16,81,100,18.75,overcast clouds
181,Perbaungan,ID,3.5679,98.956,77.11,90,98,3.18,overcast clouds
182,Ulaangom,MN,49.9811,92.0667,73.36,42,0,3.69,clear sky
183,Port Elizabeth,ZA,-33.918,25.5701,49.42,45,39,6.87,scattered clouds
184,Redlands,US,34.0556,-117.1825,99.64,34,1,12.66,haze
185,Saskylakh,RU,71.9167,114.0833,50.58,51,100,20.96,overcast clouds
186,Geraldton,AU,-28.7667,114.6,63.01,63,75,14.97,broken clouds
187,Iqaluit,CA,63.7506,-68.5145,49.69,81,5,4.0,clear sky
188,Talnakh,RU,69.4865,88.3972,52.18,53,18,1.95,few clouds
189,Eldorado,BR,-23.7869,-54.2836,65.08,43,2,5.93,clear sky
190,Bundi,IN,25.4417,75.6417,90.37,51,47,5.5,scattered clouds
191,Beira,MZ,-19.8436,34.8389,67.86,84,74,13.0,light rain
192,Sao Miguel Do Araguaia,BR,-13.275,-50.1628,73.87,32,0,4.16,clear sky
193,Port Hardy,CA,50.6996,-127.4199,60.64,71,100,14.56,overcast clouds
194,Camacupa,AO,-12.0167,17.4833,54.05,45,50,4.56,scattered clouds
195,La Ronge,CA,55.1001,-105.2842,69.78,35,14,6.89,few clouds
196,Senanga,ZM,-16.1167,23.2667,51.35,39,44,5.5,scattered clouds
197,Bathsheba,BB,13.2167,-59.5167,81.21,74,20,20.71,few clouds
198,Farmington,US,36.7281,-108.2187,84.88,35,40,8.05,scattered clouds
199,Nizwa,OM,22.9333,57.5333,83.52,68,53,2.06,broken clouds
200,East London,ZA,-33.0153,27.9116,52.41,46,2,6.33,clear sky
201,Lubao,PH,14.9167,120.55,86.14,75,97,2.84,overcast clouds
202,Bredasdorp,ZA,-34.5322,20.0403,44.94,83,0,6.2,clear sky
203,Tadine,NC,-21.55,167.8833,72.91,60,77,13.47,broken clouds
204,Margate,GB,51.3813,1.3862,64.87,82,13,1.99,few clouds
205,Osorno,CL,-40.5667,-73.15,41.31,100,75,2.3,mist
206,Severo-Kurilsk,RU,50.6789,156.125,52.27,94,100,15.23,moderate rain
207,Tautira,PF,-17.7333,-149.15,86.02,67,1,16.15,clear sky
208,Bukene,TZ,-4.2333,32.8833,68.68,60,90,5.5,overcast clouds
209,Penzance,GB,50.1186,-5.5371,59.7,95,6,8.66,clear sky
210,Rozhyshche,UA,50.9154,25.2691,71.13,79,39,6.96,scattered clouds
211,Kabompo,ZM,-13.5927,24.2008,57.36,50,43,4.38,scattered clouds
212,Mount Isa,AU,-20.7333,139.5,82.17,42,79,14.97,broken clouds
213,Aljezur,PT,37.3191,-8.8033,66.69,69,10,6.4,clear sky
214,Barra Do Garcas,BR,-15.89,-52.2567,70.59,39,0,1.86,clear sky
215,Marystown,CA,47.1666,-55.1483,54.21,81,97,9.55,overcast clouds
216,Lata,PT,40.1629,-8.3327,72.05,60,51,3.53,broken clouds
217,Kibala,TD,9.1104,18.3463,70.52,95,100,2.89,light rain
218,Cassilandia,BR,-19.1133,-51.7342,66.81,40,0,3.13,clear sky
219,Talara,PE,-4.5772,-81.2719,65.79,87,61,15.93,broken clouds
220,Lagoa,PT,39.05,-27.9833,68.49,83,100,14.2,overcast clouds
221,Kodiak,US,57.79,-152.4072,56.71,67,1,6.91,clear sky
222,Khani,GE,41.9563,42.9566,60.37,91,100,4.43,overcast clouds
223,Oyem,GA,1.5995,11.5793,65.93,99,100,2.93,light rain
224,Ixtapa,MX,20.7,-105.2,88.83,62,75,9.22,broken clouds
225,Dalvik,IS,65.9702,-18.5286,50.61,83,100,4.36,overcast clouds
226,Cayenne,GF,4.9333,-52.3333,79.09,89,75,1.01,broken clouds
227,Maragogi,BR,-9.0122,-35.2225,74.89,88,42,11.56,scattered clouds
228,Nuevo Laredo,MX,27.4763,-99.5164,89.83,60,75,11.5,thunderstorm
229,Mayo,US,38.8876,-76.5119,82.54,85,1,1.99,clear sky
230,Tungor,RU,53.3808,142.9564,76.96,44,29,7.63,scattered clouds
231,Newala,TZ,-10.9431,39.2787,59.05,95,0,3.09,clear sky
232,Dullewala,PK,31.8359,71.4362,88.97,59,14,5.66,few clouds
233,Padang,ID,-0.9492,100.3543,75.25,68,54,2.73,broken clouds
234,Roma,US,43.2128,-75.4557,75.06,83,1,3.44,clear sky
235,Havoysund,NO,70.9963,24.6622,50.88,87,0,10.02,clear sky
236,Tasiilaq,GL,65.6145,-37.6368,41.16,94,100,1.03,overcast clouds
237,Borba,BR,-4.3878,-59.5939,77.52,83,71,2.75,broken clouds
238,Juye,CN,35.3947,116.0883,82.98,73,100,4.27,overcast clouds
239,Henties Bay,NA,-22.116,14.2845,58.08,61,0,2.75,clear sky
240,Palana,RU,59.1167,159.9667,49.82,93,100,2.57,overcast clouds
241,Sao Filipe,CV,14.8961,-24.4956,74.21,89,67,9.95,broken clouds
242,Pangnirtung,CA,66.1451,-65.7125,48.74,71,100,6.93,overcast clouds
243,Chivay,PE,-15.6383,-71.6011,48.0,46,49,5.39,scattered clouds
244,Newport,GB,51.5877,-2.9984,62.08,83,12,5.01,few clouds
245,Barrow,US,71.2906,-156.7887,37.42,75,75,10.36,broken clouds
246,Saldanha,ZA,-33.0117,17.9442,49.08,69,0,4.79,clear sky
247,Sudbury,CA,46.49,-80.99,64.63,96,97,4.65,overcast clouds
248,Esperance,AU,-33.8667,121.9,51.64,70,86,35.57,moderate rain
249,Kavaratti,IN,10.5669,72.642,82.72,80,98,18.97,overcast clouds
250,Marsh Harbour,BS,26.5412,-77.0636,82.06,75,99,16.33,overcast clouds
251,Hadejia,NG,12.4498,10.0444,83.19,60,100,14.7,overcast clouds
252,Ilorin,NG,8.5,4.55,72.19,91,100,6.62,overcast clouds
253,Port Macquarie,AU,-31.4333,152.9167,61.9,61,55,8.48,broken clouds
254,Thessalon,CA,46.2501,-83.5666,72.36,91,100,3.71,overcast clouds
255,Ambon,ID,-3.6954,128.1814,80.74,89,40,1.14,light rain
256,Hudiksvall,SE,61.729,17.1036,62.42,95,100,3.78,light rain
257,Oka,CA,45.4649,-74.0889,76.95,87,0,5.66,clear sky
258,Seoul,KR,37.5683,126.9778,90.01,57,92,1.34,overcast clouds
259,Eenhana,NA,-17.4667,16.3333,53.13,40,0,10.6,clear sky
260,Tabuk,PH,17.4189,121.4443,83.7,71,90,3.49,overcast clouds
261,Ketchikan,US,55.3422,-131.6461,61.27,63,90,0.0,overcast clouds
262,Beloha,MG,-25.1667,45.05,66.02,78,100,9.4,overcast clouds
263,Freeport,US,40.6576,-73.5832,80.56,86,1,3.0,clear sky
264,Mackay,AU,-21.15,149.2,75.69,77,11,10.38,few clouds
265,Umm Kaddadah,SD,13.6017,26.6876,80.55,48,56,7.81,broken clouds
266,Wilmington,US,34.2257,-77.9447,80.96,80,1,3.44,clear sky
267,Thunder Bay,CA,48.4001,-89.3168,65.55,76,100,2.73,overcast clouds
268,Osoyoos,CA,49.0331,-119.4524,101.79,9,5,9.06,clear sky
269,Desaguadero,PE,-16.5656,-69.0417,44.96,63,62,2.24,broken clouds
270,Gafargaon,BD,24.4333,90.5667,82.38,87,100,5.19,overcast clouds
271,Pochutla,MX,15.7432,-96.4661,85.82,85,96,3.78,overcast clouds
272,Taoudenni,ML,22.6783,-3.9836,98.29,5,0,6.31,clear sky
273,Navirai,BR,-23.065,-54.1906,68.25,41,80,4.81,broken clouds
274,Ankang,CN,32.68,109.0172,79.66,77,100,1.72,light rain
275,Kulachi,PK,31.9286,70.4592,89.82,57,48,4.12,scattered clouds
276,Altamira,BR,-3.2033,-52.2064,77.97,73,98,2.21,overcast clouds
277,Meulaboh,ID,4.1363,96.1285,77.36,85,100,3.71,overcast clouds
278,Turukhansk,RU,65.8167,87.9833,58.5,50,97,9.95,overcast clouds
279,Jagadhri,IN,30.1667,77.3,81.19,73,100,4.72,overcast clouds
280,College,US,64.8569,-147.8028,67.21,74,98,12.21,overcast clouds
281,Luderitz,NA,-26.6481,15.1594,55.87,35,0,6.71,clear sky
282,Barao De Melgaco,BR,-16.1944,-55.9675,79.32,34,0,5.14,clear sky
283,Nuuk,GL,64.1835,-51.7216,45.88,100,90,10.36,mist
284,Belyy Yar,RU,53.6039,91.3903,67.89,83,0,4.47,light rain
285,Port-Gentil,GA,-0.7193,8.7815,74.59,78,77,11.56,broken clouds
286,Salalah,OM,17.0151,54.0924,80.69,89,75,6.91,broken clouds
287,Moron,AR,-34.6534,-58.6198,53.35,98,90,3.0,light intensity drizzle
288,Dutse,NG,11.7594,9.3392,76.42,75,100,10.09,light rain
289,Kimbe,PG,-5.5502,150.1429,90.54,56,98,6.58,overcast clouds
290,Pundaguitan,PH,6.3711,126.1689,83.35,71,85,5.39,overcast clouds
291,Mount Gambier,AU,-37.8333,140.7667,53.85,88,100,11.63,overcast clouds
292,Porto Santo,PT,33.072,-16.3415,68.38,77,75,12.66,broken clouds
293,Bima,ID,-8.4667,118.7167,80.42,59,100,7.38,overcast clouds
294,Gillette,US,44.2911,-105.5022,78.06,39,1,6.91,clear sky
295,Howell,US,42.6073,-83.9294,78.94,81,1,3.44,clear sky
296,Puro,PH,12.4841,123.3827,84.22,71,94,2.53,overcast clouds
297,Gravdal,NO,68.1214,13.5031,56.73,81,100,4.12,light rain
298,Grand Gaube,MU,-20.0064,57.6608,66.38,77,0,7.0,clear sky
299,Tsumeb,NA,-19.2333,17.7167,48.51,38,0,10.76,clear sky
300,Koslan,RU,63.4564,48.8989,60.12,93,65,4.23,broken clouds
301,Rezina,MD,47.7492,28.9622,69.46,59,0,3.47,clear sky
302,Masoko,TZ,-9.3333,33.75,61.39,90,49,1.77,scattered clouds
303,Kulhudhuffushi,MV,6.6221,73.07,82.56,78,100,15.28,overcast clouds
304,Contamana,PE,-7.3333,-75.0167,78.51,65,49,2.82,scattered clouds
305,Zyryanka,RU,65.75,150.85,59.77,73,100,29.51,overcast clouds
306,Rocha,UY,-34.4833,-54.3333,51.91,96,100,9.44,overcast clouds
307,Todos Santos,MX,23.45,-110.2167,93.11,73,15,4.56,few clouds
308,San Andres,CO,12.5847,-81.7006,81.97,84,71,19.35,broken clouds
309,Makinsk,KZ,52.6292,70.4169,42.51,83,100,15.14,light rain
310,Karratha,AU,-20.7377,116.8463,68.07,50,5,14.81,clear sky
311,Christchurch,NZ,-43.5333,172.6333,53.91,71,100,5.99,light rain
312,Ossora,RU,59.2353,163.0719,56.16,98,100,7.54,moderate rain
313,Kruisfontein,ZA,-34.0033,24.7314,46.44,42,100,6.51,overcast clouds
314,Wooster,US,40.8051,-81.9351,78.15,87,75,0.0,broken clouds
315,Chuy,UY,-33.6971,-53.4616,53.29,96,100,12.24,moderate rain
316,Brae,GB,60.3964,-1.353,53.51,82,45,21.9,scattered clouds
317,Codrington,AU,-38.2667,141.9667,55.56,75,100,16.58,overcast clouds
318,Viramgam,IN,23.1225,72.0484,82.63,73,94,5.41,overcast clouds
319,Svetlyy,RU,54.675,20.1347,75.25,88,92,7.85,light rain
320,Dingle,PH,10.9995,122.6711,83.48,77,56,4.61,light rain
321,Eyl,SO,7.9803,49.8164,78.48,70,100,22.24,overcast clouds
322,Hofn,IS,64.2539,-15.2082,52.43,65,5,7.47,clear sky
323,Murgab,TM,37.4966,61.9714,73.27,35,0,6.91,clear sky
324,Dhidhdhoo,MV,6.8833,73.1,82.53,78,100,15.59,overcast clouds
325,Lavrentiya,RU,65.5833,-171.0,53.44,78,63,7.72,broken clouds
326,Te Anau,NZ,-45.4167,167.7167,47.8,90,100,0.51,light rain
327,Ponta Delgada,PT,37.7333,-25.6667,66.92,82,20,4.61,few clouds
328,San Policarpo,PH,12.1791,125.5072,83.44,73,24,3.2,few clouds
329,Saint-Philippe,RE,-21.3585,55.7679,65.75,75,31,10.45,scattered clouds
330,Spencer,US,43.1414,-95.1444,73.8,80,68,10.42,broken clouds
331,Qandala,SO,11.472,49.8728,87.66,51,62,24.7,broken clouds
332,Sinnamary,GF,5.3833,-52.95,77.25,87,80,8.55,broken clouds
333,Nayoro,JP,44.3506,142.4578,81.7,62,86,3.94,overcast clouds
334,Chicama,PE,-7.8447,-79.1469,64.65,83,22,8.32,few clouds
335,Harper,LR,4.375,-7.7169,75.97,75,100,4.79,overcast clouds
336,San Jose,US,37.3394,-121.895,86.52,48,1,1.99,clear sky
337,Adrar,MR,20.5022,-10.0711,92.21,30,100,20.92,overcast clouds
338,Pacific Grove,US,36.6177,-121.9166,82.45,81,1,1.99,clear sky
339,Poum,NC,-20.2333,164.0167,72.99,70,97,18.79,overcast clouds
340,Araouane,ML,18.9048,-3.5265,93.6,30,0,16.02,clear sky
341,Sawakin,SD,19.1059,37.3321,89.06,51,100,2.57,overcast clouds
342,Bonavista,CA,48.6499,-53.1147,59.45,72,6,16.46,clear sky
343,Bom Sucesso,BR,-21.0331,-44.7581,57.87,61,4,2.82,clear sky
344,Sapouy,BF,11.5544,-1.7736,76.98,70,51,5.5,broken clouds
345,Sur,OM,22.5667,59.5289,84.92,74,98,7.0,overcast clouds
346,Jiuquan,CN,39.7432,98.5174,76.86,36,85,3.62,overcast clouds
347,Odweyne,SO,9.4092,45.064,70.79,62,100,18.61,overcast clouds
348,Goundam,ML,16.4145,-3.6708,89.89,35,100,10.29,overcast clouds
349,Vitim,RU,59.4511,112.5578,76.51,45,100,9.55,overcast clouds
350,Andra,RU,62.5147,65.8878,49.03,58,3,6.58,clear sky
351,Arlit,NE,18.7369,7.3853,90.91,33,99,14.09,overcast clouds
352,Alamosa,US,37.4695,-105.87,65.66,77,90,3.44,overcast clouds
353,Srednekolymsk,RU,67.45,153.6833,73.69,41,26,17.38,scattered clouds
354,Westport,US,41.1415,-73.3579,80.15,90,1,3.0,clear sky
355,Allapalli,IN,19.4167,80.0667,76.06,93,91,3.36,overcast clouds
356,Sao Gabriel Da Cachoeira,BR,-0.1303,-67.0892,71.67,99,40,1.36,scattered clouds
357,Ilulissat,GL,69.2167,-51.1,41.02,81,90,13.8,overcast clouds
358,Nisia Floresta,BR,-6.0911,-35.2086,76.01,91,6,8.21,clear sky
359,Opuwo,NA,-18.0607,13.84,54.79,39,0,9.33,clear sky
360,Calama,CL,-22.4667,-68.9333,49.46,41,67,1.97,broken clouds
361,Baruun-Urt,MN,46.6806,113.2792,73.51,50,0,7.45,clear sky
362,Hoquiam,US,46.9809,-123.8893,77.94,60,90,12.66,overcast clouds
363,Dauphin,CA,51.1494,-100.0502,73.9,52,65,6.04,broken clouds
364,Turda,RO,46.5667,23.7833,69.64,80,0,1.92,clear sky
365,Santa Ana,US,33.7456,-117.8678,96.35,60,1,4.0,clear sky
366,Udachnyy,RU,66.4167,112.4,55.63,43,11,3.09,few clouds
367,Vestmannaeyjar,IS,63.4427,-20.2734,50.49,82,30,20.31,scattered clouds
368,Ambilobe,MG,-13.2,49.05,64.44,83,2,3.8,clear sky
369,Namatanai,PG,-3.6667,152.4333,83.62,77,83,11.97,light rain
370,Nome,US,64.5011,-165.4064,55.17,82,90,14.97,overcast clouds
371,Saint George,US,37.1041,-113.5841,101.62,26,1,3.0,clear sky
372,Tarakan,ID,3.3,117.6333,76.5,88,75,11.5,broken clouds
373,Lalibela,ET,12.0333,39.0333,55.58,92,100,1.95,moderate rain
374,Halifax,CA,44.6453,-63.5724,65.41,86,94,8.99,overcast clouds
375,Matay,EG,28.419,30.7792,79.21,40,1,9.04,clear sky
376,Huarmey,PE,-10.0681,-78.1522,64.53,83,46,11.34,scattered clouds
377,Kenai,US,60.5544,-151.2583,66.02,75,1,13.8,clear sky
378,Westerly,US,41.3776,-71.8273,77.05,92,1,4.61,clear sky
379,Ancud,CL,-41.8697,-73.8203,45.59,78,27,4.52,scattered clouds
380,Salmas,IR,38.1973,44.7653,60.1,89,11,1.59,few clouds
381,Zhuhai,CN,22.2769,113.5678,90.72,79,20,4.61,light rain
382,Sheltozero,RU,61.3667,35.3667,66.13,72,3,4.41,clear sky
383,Gazanjyk,TM,39.2446,55.5154,80.19,19,44,8.99,scattered clouds
384,Tete,MZ,-16.1564,33.5867,67.55,78,39,8.93,scattered clouds
385,Fairbanks,US,64.8378,-147.7164,67.23,73,90,12.66,overcast clouds
386,Bagdarin,RU,54.4333,113.6,57.45,97,100,0.56,light rain
387,Sibolga,ID,1.7427,98.7792,78.1,76,98,1.97,overcast clouds
388,Belmonte,BR,-15.8631,-38.8828,72.1,88,0,5.28,clear sky
389,Vostok,RU,46.4856,135.8833,83.61,60,100,2.42,overcast clouds
390,Goderich,CA,43.7501,-81.7165,75.9,80,100,10.85,overcast clouds
391,Srikakulam,IN,18.3,83.9,81.05,84,45,7.43,scattered clouds
392,Puerto Quijarro,BO,-17.7833,-57.7667,74.98,41,0,2.68,clear sky
393,Paldiski,EE,59.3567,24.0531,68.92,93,7,2.91,clear sky
394,Seymchan,RU,62.8833,152.4333,74.35,38,100,8.75,overcast clouds
395,Sept-Iles,CA,50.2001,-66.3821,60.26,92,100,5.01,overcast clouds
396,Jalalabad,AF,34.4265,70.4515,84.34,60,0,1.25,clear sky
397,Maldonado,UY,-34.6667,-54.9167,51.22,95,100,7.76,overcast clouds
398,Wuwei,CN,37.9281,102.6414,76.05,39,38,2.98,scattered clouds
399,Benito Juarez,MX,19.385,-99.165,62.42,80,75,5.01,broken clouds
400,Viedma,AR,-40.8135,-62.9967,46.65,43,95,8.97,overcast clouds
401,Syracuse,IT,37.0881,15.2792,76.62,77,0,9.28,clear sky
402,Payson,US,40.0444,-111.7321,90.55,22,75,10.36,broken clouds
403,Elko,US,41.0002,-115.5012,95.02,4,74,7.0,broken clouds
404,Hornepayne,CA,49.2138,-84.7705,63.95,62,100,3.33,overcast clouds
405,Menongue,AO,-14.6585,17.691,50.63,52,0,7.65,clear sky
406,Kyshtovka,RU,56.555,76.6271,52.79,98,100,8.79,light rain
407,Darnah,LY,32.767,22.6367,79.07,81,0,17.92,clear sky
408,Isoka,ZM,-10.1606,32.6335,54.64,88,0,1.74,clear sky
409,Bilma,NE,18.6853,12.9164,92.7,13,23,11.56,few clouds
410,Sorong,ID,-0.8833,131.25,81.18,82,100,8.86,overcast clouds
411,Iralaya,HN,15.0,-83.2333,80.22,85,45,10.67,scattered clouds
412,Asekeyevo,RU,53.5742,52.7972,55.87,64,5,2.98,clear sky
413,Magdalena,PH,14.1999,121.429,86.43,70,99,0.83,overcast clouds
414,Trelew,AR,-43.249,-65.3051,48.76,51,1,19.37,clear sky
415,Ladario,BR,-19.0047,-57.6017,74.97,42,5,2.57,clear sky
416,Kiunga,PG,-6.1219,141.2906,78.87,91,100,2.1,overcast clouds
417,Omoljica,RS,44.7606,20.7281,84.24,64,0,6.46,clear sky
418,Iroquois Falls,CA,48.7669,-80.6831,61.38,89,96,2.37,overcast clouds
419,Finnsnes,NO,69.2296,17.9811,54.21,76,95,4.41,light rain
420,Namibe,AO,-15.1961,12.1522,65.26,79,2,7.78,clear sky
421,Derbent,RU,42.0678,48.2899,72.25,64,100,6.06,overcast clouds
422,Batticaloa,LK,7.7102,81.6924,80.6,77,100,1.48,moderate rain
423,Alice Town,BS,25.7167,-79.3,82.27,77,15,14.65,few clouds
424,Gigmoto,PH,13.7796,124.39,85.75,71,34,2.8,scattered clouds
425,Russell,US,32.3502,-85.1999,81.52,88,20,0.0,few clouds
426,Vila Franca Do Campo,PT,37.7167,-25.4333,66.61,79,36,3.27,scattered clouds
427,Nanortalik,GL,60.1432,-45.2371,45.99,83,2,9.06,clear sky
428,Edd,ER,13.9297,41.6925,92.82,55,100,4.05,overcast clouds
429,Acapulco,MX,16.8634,-99.8901,85.82,79,90,2.3,overcast clouds
430,Port Augusta,AU,-32.5,137.7667,60.71,52,68,16.44,broken clouds
431,Moratuwa,LK,6.773,79.8816,78.35,87,100,5.77,light rain
432,Santa Isabel,BR,-23.3156,-46.2214,70.66,62,28,2.68,scattered clouds
433,Manuk Mangkaw,PH,4.8,119.85,82.74,72,100,8.43,overcast clouds
434,La Rioja,ES,42.25,-2.5,52.05,87,100,3.56,overcast clouds
435,Varniai,LT,55.7406,22.3644,65.89,92,8,3.49,clear sky
436,Kuybysheve,UA,47.358,36.6491,66.96,51,0,7.67,clear sky
437,Llallagua,BO,-18.4167,-66.6333,46.11,47,53,3.0,broken clouds
438,Boende,CD,-0.2167,20.8667,78.1,55,100,2.17,overcast clouds
439,Anadyr,RU,64.75,177.4833,61.3,67,0,4.47,clear sky
440,High Level,CA,58.5169,-117.136,84.97,31,97,7.52,overcast clouds
441,Svetlogorsk,BY,52.6333,29.7333,68.68,85,15,7.2,few clouds
442,Solnechnyy,RU,50.7214,136.6319,71.17,100,100,2.93,overcast clouds
443,Boma,GH,7.0805,-2.1697,69.82,99,97,3.53,overcast clouds
444,Carlyle,US,38.6103,-89.3726,82.8,86,99,7.9,overcast clouds
445,Nipawin,CA,53.3668,-104.0009,77.32,48,0,4.5,clear sky
446,The Valley,AI,18.217,-63.0578,81.82,70,13,18.19,few clouds
447,Bubaque,GW,11.2833,-15.8333,80.17,82,99,14.25,light rain
448,Tucurui,BR,-3.7661,-49.6725,75.94,62,7,1.66,clear sky
449,Sungaipenuh,ID,-2.0833,101.3833,68.45,65,95,1.14,overcast clouds
450,Tarbagatay,RU,51.4803,107.3602,63.93,73,4,5.48,clear sky
451,San Quintin,MX,30.4833,-115.95,72.19,76,1,10.76,clear sky
452,Stromness,GB,58.965,-3.296,55.65,85,0,22.15,clear sky
453,Buenos Aires,AR,-34.6132,-58.3772,53.33,95,90,9.22,light intensity drizzle
454,Tres Arroyos,AR,-38.3739,-60.2798,42.22,66,7,8.75,clear sky
455,Ilhabela,BR,-23.7781,-45.3581,69.12,59,3,4.07,clear sky
456,Banda Aceh,ID,5.5577,95.3222,79.66,76,100,13.69,overcast clouds
457,Veraval,IN,20.9,70.3667,82.0,84,100,8.99,overcast clouds
458,Copiapo,CL,-27.3667,-70.3333,46.09,69,0,0.85,clear sky
459,Verkhnyaya Inta,RU,65.9811,60.3094,56.48,55,100,5.88,overcast clouds
460,Fort Nelson,CA,58.8053,-122.7002,74.53,39,84,10.74,broken clouds
461,Changji,CN,44.0167,87.3167,74.19,46,0,2.24,clear sky
462,Rudnogorsk,RU,57.2639,103.7519,65.41,68,100,2.84,overcast clouds
463,Houston,US,29.7633,-95.3633,85.05,77,1,3.0,clear sky
464,Broken Hill,AU,-31.95,141.4333,60.51,46,68,11.3,broken clouds
465,Laje,BR,-10.1833,-40.9667,71.19,68,96,12.26,overcast clouds
466,Miyako,JP,39.6367,141.9525,75.24,79,54,8.23,broken clouds
467,Craigieburn,AU,-37.6,144.95,59.4,77,20,21.85,few clouds
468,Jaciara,BR,-15.9653,-54.9683,69.84,36,0,2.86,clear sky
469,Batagay,RU,67.6333,134.6333,56.52,42,11,4.76,few clouds
470,Bambanglipuro,ID,-7.95,110.2833,61.61,74,100,9.78,overcast clouds
471,Kukes,AL,42.0769,20.4219,73.31,50,0,5.86,clear sky
472,Cifuentes,CU,22.645,-80.0461,80.91,83,20,6.91,few clouds
473,Siocon,PH,7.7061,122.1353,83.46,79,87,2.01,overcast clouds
474,Aykhal,RU,66.0,111.5,54.07,48,15,6.42,few clouds
475,Santander De Quilichao,CO,3.0095,-76.4849,65.88,93,50,2.89,scattered clouds
476,Teruel,ES,40.6667,-0.6667,60.76,80,100,0.72,overcast clouds
477,Kodinsk,RU,58.6881,99.1844,72.9,58,38,5.73,scattered clouds
478,Egvekinot,RU,66.3167,-179.1667,49.44,78,51,7.92,broken clouds
479,Bayan,CN,46.0833,127.4,83.35,76,75,11.36,broken clouds
480,Marienburg,PL,54.0359,19.0266,69.87,94,100,5.08,light rain
481,Komsomolskiy,UZ,40.4272,71.7189,74.12,43,63,9.22,broken clouds
482,Stephenville,US,32.2207,-98.2023,87.8,57,1,8.05,clear sky
483,Riberalta,BO,-10.9833,-66.1,78.82,51,18,2.01,few clouds
484,Rawson,AR,-43.3002,-65.1023,49.73,50,0,24.74,clear sky
485,Coihaique,CL,-45.5752,-72.0662,40.95,75,90,5.75,overcast clouds
486,Biak,ID,-0.9131,122.8766,77.0,89,100,5.84,overcast clouds
487,Ishigaki,JP,24.3448,124.1572,84.88,75,100,10.54,overcast clouds
488,Pringsewu,ID,-5.3582,104.9744,77.29,78,99,3.89,overcast clouds
489,Ussel,FR,45.55,2.3167,49.73,99,100,3.4,overcast clouds
490,Ouesso,CG,1.6136,16.0517,74.3,75,100,2.66,overcast clouds
491,Dillon,US,34.4166,-79.3712,85.24,68,37,8.08,scattered clouds
492,Guerrero Negro,MX,27.9769,-114.0611,74.01,68,100,16.55,overcast clouds
493,Shingu,JP,33.7333,135.9833,82.9,68,80,4.05,broken clouds
494,Marfino,RU,55.7028,37.3822,71.1,81,0,4.47,clear sky
495,Champerico,GT,14.3,-91.9167,83.35,74,100,6.02,overcast clouds
496,Pathein,MM,16.7833,94.7333,81.0,84,100,1.68,overcast clouds
497,Kodino,RU,63.7198,39.6447,65.05,65,98,3.09,overcast clouds
498,Najran,SA,17.4924,44.1277,82.36,23,100,3.06,overcast clouds
499,Outjo,NA,-20.1167,16.15,46.54,43,0,9.04,clear sky
500,Quito,EC,-0.2299,-78.5249,50.41,91,31,2.59,light rain
501,Gushikawa,JP,26.3544,127.8686,89.19,70,40,10.36,scattered clouds
502,Nicoya,CR,10.1483,-85.452,78.35,87,100,4.41,overcast clouds
503,Tocopilla,CL,-22.092,-70.1979,60.8,77,80,9.6,broken clouds
504,Evanston,US,42.0411,-87.6901,80.96,73,75,1.01,broken clouds
505,Saint-Georges,GD,12.0564,-61.7485,80.28,78,20,11.5,few clouds
506,Jinxiang,CN,27.4327,120.6062,83.62,78,100,2.06,overcast clouds
507,Rendeux,BE,50.2342,5.5041,63.55,100,100,12.44,overcast clouds
508,Beroroha,MG,-21.6667,45.1667,63.43,63,0,4.63,clear sky
509,Marawi,PH,7.9986,124.2928,77.65,69,20,2.13,few clouds
510,Kjollefjord,NO,70.9457,27.3465,49.24,85,12,4.79,few clouds
511,Dunmore East,IE,52.1514,-6.9861,64.09,70,75,10.07,broken clouds
512,Mentougou,CN,39.9392,116.0917,81.54,89,100,3.36,overcast clouds
513,Hegang,CN,47.4,130.3667,76.39,91,100,1.01,overcast clouds
514,Manokwari,ID,-0.8667,134.0833,79.74,79,100,2.15,overcast clouds
515,Parakou,BJ,9.3372,2.6303,71.01,95,93,3.91,overcast clouds
516,Port Lincoln,AU,-34.7333,135.8667,58.96,70,15,21.41,few clouds
517,Tura,IN,25.5198,90.2201,76.01,95,99,5.37,overcast clouds
518,Matamoros,MX,25.5333,-103.25,82.51,45,75,9.22,broken clouds
519,Kem,RU,64.9555,34.5793,54.39,86,51,6.78,broken clouds
520,Ballina,AU,-28.8667,153.5667,68.77,68,100,9.51,overcast clouds
521,Turbat,PK,26.0023,63.044,87.8,68,100,13.04,light rain
522,Mazyr,BY,52.0495,29.2456,70.03,77,1,7.29,clear sky
523,Na Wa,TH,17.4897,104.1006,85.19,78,50,6.33,scattered clouds
524,Asau,RO,46.4333,26.4,65.95,86,0,3.89,clear sky
525,Cootamundra,AU,-34.65,148.0333,55.94,82,11,10.69,few clouds
526,Bure,ET,10.7,37.0667,55.99,96,100,1.97,overcast clouds
527,Zelenoborsk,RU,61.4669,64.0333,48.61,59,3,5.64,clear sky
528,Asyut,EG,27.181,31.1837,82.63,28,11,9.6,few clouds
529,Moussoro,TD,13.6408,16.4901,87.06,49,100,11.36,overcast clouds
530,Orchard Homes,US,46.8633,-114.0484,94.59,26,1,0.0,clear sky
531,Plouzane,FR,48.3833,-4.6167,59.18,94,90,4.61,overcast clouds
532,Port Hedland,AU,-20.3167,118.5667,71.65,46,5,12.66,clear sky
533,Antropovo,RU,58.3988,43.0066,62.31,88,35,1.48,scattered clouds
534,Real,PH,14.6625,121.6047,87.13,72,100,0.92,overcast clouds
535,Merced,US,37.1666,-120.7516,98.94,13,1,10.67,clear sky
536,Enshi,CN,30.3,109.4833,82.33,84,100,2.66,overcast clouds
537,Cheremukhovo,RU,60.3484,59.9851,48.94,68,3,0.4,clear sky
538,Chernihiv,UA,51.0,32.0,69.67,68,6,6.93,clear sky
539,Severo-Yeniseyskiy,RU,60.3725,93.0408,65.08,65,100,3.8,overcast clouds
540,Vila Velha,BR,-20.3297,-40.2925,70.38,88,44,7.29,scattered clouds
541,Buala,SB,-8.145,159.5921,85.3,71,88,12.48,overcast clouds
542,Grindavik,IS,63.8424,-22.4338,48.67,87,75,12.66,broken clouds
543,Sechura,PE,-5.5569,-80.8222,67.24,74,4,15.05,clear sky
544,Altayskoye,RU,51.9533,85.3325,63.77,74,54,0.69,broken clouds
545,Umm Lajj,SA,25.0213,37.2685,83.66,54,16,6.35,few clouds
546,Zhanaozen,KZ,43.3,52.8,74.86,39,0,11.77,clear sky
547,Balkanabat,TM,39.5108,54.3671,85.08,19,48,14.43,scattered clouds
548,Ubinskoye,RU,55.3068,79.6802,54.66,96,100,11.5,overcast clouds
549,Mayya,RU,61.7333,130.2811,77.83,45,100,2.44,overcast clouds
550,Botwood,CA,49.1499,-55.3482,61.68,67,100,7.09,overcast clouds
551,Ngunguru,NZ,-35.6167,174.5,56.66,55,8,7.45,clear sky
552,Cap Malheureux,MU,-19.9842,57.6142,66.47,78,0,7.0,clear sky
553,Mount Darwin,ZW,-16.7725,31.5838,53.2,94,3,5.61,clear sky
554,Falcoiu,RO,44.2333,24.3667,74.32,71,0,8.93,clear sky
555,Nur,PL,52.6683,22.3221,68.79,80,100,4.14,overcast clouds
556,Fereydun Kenar,IR,36.6864,52.5225,78.73,73,100,10.92,overcast clouds
557,Otaru,JP,43.1894,141.0022,76.41,69,19,4.03,few clouds
558,Zhigansk,RU,66.7697,123.3711,55.06,41,5,12.06,clear sky
559,Nagornyy,RU,52.7959,83.5498,63.75,84,17,14.41,few clouds
560,Tazovskiy,RU,67.4667,78.7,47.71,65,78,3.02,broken clouds
561,Lakes Entrance,AU,-37.8811,147.981,65.17,58,13,8.93,few clouds
562,Kupino,RU,54.3663,77.2981,48.79,92,100,14.99,overcast clouds
563,Pisco,PE,-13.7,-76.2167,65.01,80,7,2.04,clear sky
564,Castries,LC,13.9957,-61.0061,78.87,79,15,14.92,few clouds
565,Egersund,NO,58.4513,5.9997,59.72,95,28,12.97,scattered clouds
566,Ponferrada,ES,42.5466,-6.5962,61.21,85,91,1.99,overcast clouds
567,Sturgeon Falls,CA,46.3646,-79.9326,68.25,87,93,8.59,overcast clouds
568,Petropavlovsk-Kamchatskiy,RU,53.0452,158.6483,68.59,52,75,6.71,broken clouds
569,Nurota,UZ,40.5614,65.6886,68.09,34,34,10.16,scattered clouds
570,Jacareacanga,BR,-6.2222,-57.7528,77.22,50,2,0.45,clear sky
571,Takoradi,GH,4.8845,-1.7554,74.97,87,100,8.3,light rain
572,Basavana Bagevadi,IN,16.5833,75.9667,70.63,92,100,16.06,light rain
573,Vallenar,CL,-28.5708,-70.7581,55.54,61,0,1.25,clear sky
574,Yerbogachen,RU,61.2767,108.0108,63.18,66,100,13.13,overcast clouds
575,Iquique,CL,-20.2208,-70.1431,60.84,78,56,3.53,broken clouds
576,Afsin,TR,38.2477,36.914,60.75,71,0,5.1,clear sky
577,Kommunar,RU,59.6206,30.39,69.33,86,73,0.81,broken clouds
578,Thaba Nchu,ZA,-29.2093,26.839,28.98,53,0,5.21,clear sky
579,Baherden,TM,38.4362,57.4316,76.46,22,10,4.16,clear sky
580,Quatre Cocos,MU,-20.2078,57.7625,66.09,76,8,10.33,clear sky
581,Canutama,BR,-6.5339,-64.3831,78.08,64,1,0.85,clear sky
582,Payo,ID,-3.7508,103.6372,75.4,72,96,1.28,overcast clouds
583,Rock Sound,BS,24.9,-76.2,81.28,77,0,18.1,clear sky
584,Bukachacha,RU,52.9833,116.9167,66.04,74,93,3.78,overcast clouds
585,Nhulunbuy,AU,-12.2333,136.7667,83.01,74,75,12.66,broken clouds
586,Vilhena,BR,-12.7406,-60.1458,69.42,44,6,3.27,clear sky
587,Atar,MR,20.5169,-13.0499,89.24,35,0,14.32,clear sky
588,La Sarre,CA,48.8002,-79.1996,62.94,75,98,3.98,overcast clouds
589,Choix,MX,26.7092,-108.3219,83.43,67,99,3.02,overcast clouds
590,Pozo Colorado,PY,-23.4923,-58.7972,80.62,46,100,7.78,overcast clouds
591,Saryg-Sep,RU,51.5,95.6,72.36,45,44,2.51,scattered clouds
592,Muli,MV,2.9167,73.5667,81.39,75,91,5.88,overcast clouds
593,Lugus,PH,5.7036,120.8203,81.21,78,100,0.87,overcast clouds
594,Tastur,TN,36.5513,9.4431,69.48,65,0,3.22,clear sky
595,Broome,US,42.2506,-75.833,73.15,86,1,0.0,clear sky
596,Mafeteng,LS,-29.823,27.2374,29.3,48,0,3.36,clear sky
597,Aleksandrovskoye,RU,44.7142,43.0008,59.14,46,0,0.98,clear sky
598,Algiers,DZ,36.7525,3.042,67.82,83,0,3.44,clear sky
599,Mana,GF,5.6592,-53.7767,77.77,87,100,9.04,overcast clouds
600,Wanning,CN,18.8003,110.3967,86.22,70,58,3.06,broken clouds
601,Andenes,NO,69.3143,16.1194,58.46,93,90,3.44,overcast clouds
602,Igrim,RU,63.1906,64.4162,50.38,59,7,2.64,clear sky
603,Balboa,CO,2.0396,-77.2168,61.93,92,86,3.15,moderate rain
604,Oranjemund,NA,-28.55,16.4333,55.65,34,0,7.34,clear sky
605,Ambunti,PG,-4.2365,142.8448,88.23,63,96,1.14,overcast clouds
606,Vytegra,RU,61.0064,36.4481,65.16,68,8,3.11,clear sky
607,Jackson,US,42.4165,-122.8345,94.87,27,1,12.66,clear sky
608,Novouzensk,RU,50.4592,48.1431,67.82,75,95,6.89,overcast clouds
609,Amalapuram,IN,16.5833,82.0167,79.18,93,100,4.74,overcast clouds
610,Yumen,CN,40.2833,97.2,75.72,41,91,4.65,overcast clouds
611,Viet Tri,VN,21.3019,105.4308,85.95,76,17,2.98,few clouds
612,Flinders,AU,-34.5833,150.8552,71.38,66,0,4.0,clear sky
613,Mehamn,NO,71.0357,27.8492,48.79,87,24,4.65,few clouds
614,Trairi,BR,-3.2778,-39.2689,79.21,79,10,10.31,clear sky
615,Severomorsk,RU,69.0689,33.4162,45.0,92,23,1.28,few clouds
616,San Patricio,US,28.017,-97.5169,84.83,71,17,9.53,few clouds
617,Jutai,BR,-5.1833,-68.9,75.6,84,79,2.77,broken clouds
618,Obo,CF,5.3998,26.4869,67.01,99,100,3.13,light rain
619,Bandarbeyla,SO,9.4942,50.8122,77.83,74,100,25.37,overcast clouds
620,Camocim,BR,-2.9022,-40.8411,76.78,85,11,9.17,few clouds
621,Graciano Sanchez,MX,23.9167,-99.2833,85.15,61,82,5.17,broken clouds
622,Shenzhen,CN,22.5455,114.0683,89.28,94,55,3.4,broken clouds
623,Talas,TR,38.6908,35.5538,57.87,82,0,2.3,clear sky
624,Burnie,AU,-41.0667,145.9167,53.62,93,100,12.19,light rain
625,Asahi,JP,35.7167,140.65,79.18,75,100,6.38,overcast clouds
626,Nizhneangarsk,RU,55.7833,109.55,51.93,99,100,2.91,light rain
627,Charlestown,AU,-32.95,151.6667,67.57,84,14,1.99,few clouds
628,Ono,JP,34.85,134.9333,79.88,64,84,4.94,broken clouds
629,Necochea,AR,-38.5473,-58.7368,44.71,73,58,9.15,broken clouds
630,Beringovskiy,RU,63.05,179.3167,59.2,68,5,13.02,clear sky
631,Caconda,AO,-13.7333,15.0667,53.82,41,6,2.98,clear sky
632,Faya,SA,18.3851,42.4509,64.92,54,94,6.93,overcast clouds
633,Kondinskoye,RU,59.6481,67.41,46.49,82,100,13.58,light rain
634,Jacqueville,CI,5.2052,-4.4146,78.71,78,99,12.37,overcast clouds
635,Aragarcas,BR,-15.8975,-52.2508,70.68,39,0,1.83,clear sky
636,Lamu,KE,-2.2717,40.902,73.62,82,84,15.41,light rain
637,Ajdabiya,LY,30.7554,20.2263,78.49,58,2,9.66,clear sky
638,Kinshasa,CD,-4.3246,15.3215,73.36,54,95,1.21,overcast clouds
639,Yulara,AU,-25.2406,130.9889,64.24,42,12,14.97,few clouds
640,Misratah,LY,32.3754,15.0925,79.41,82,0,12.46,clear sky
641,San Matias,BO,-16.3667,-58.4,76.32,34,3,5.37,clear sky
642,Matane,CA,48.8286,-67.522,70.84,1,100,14.88,overcast clouds
643,Sabha,LY,27.0377,14.4283,84.13,23,0,9.93,clear sky
644,Sharan,RU,54.8167,54.0,55.09,62,29,0.72,scattered clouds
645,Ust-Maya,RU,60.4167,134.5333,77.52,44,25,4.16,scattered clouds
646,Riyadh,SA,24.6877,46.7219,86.14,17,71,3.83,broken clouds
647,Portland,US,45.5234,-122.6762,86.7,50,1,1.99,clear sky
648,Lazarev,RU,52.225,141.5131,58.98,96,100,12.17,overcast clouds
649,Bardiyah,LY,31.7561,25.0865,77.54,81,0,15.66,clear sky
650,Moose Factory,CA,51.2585,-80.6094,56.21,69,0,4.76,clear sky
651,Mitu,CO,1.1983,-70.1733,71.76,98,97,1.39,light rain
652,Ola,RU,59.5833,151.2833,62.2,73,100,3.0,overcast clouds
653,Iranduba,BR,-3.2847,-60.1861,80.89,86,44,1.43,scattered clouds
654,Placerville,US,38.7296,-120.7986,96.49,24,1,4.0,clear sky
655,Port Blair,IN,11.6667,92.75,81.41,81,100,8.99,light rain
656,Arman,RU,59.7,150.1667,71.74,48,91,11.18,overcast clouds
657,Vardo,NO,70.3705,31.1107,49.53,91,100,1.19,overcast clouds
658,Uniontown,US,39.9001,-79.7164,79.14,91,65,4.09,broken clouds
659,Kaitong,CN,44.8135,123.15,80.85,76,100,15.93,overcast clouds
660,Dolores,AR,-36.3132,-57.6792,45.43,82,100,5.88,overcast clouds
661,Noshiro,JP,40.2039,140.0242,81.61,66,9,2.73,clear sky
